,lpep_pickup_datetime,lpep_dropoff_datetime,PULocationID,DOLocationID,fare_amount,pickup_lat,pickup_lng,dropoff_lat,dropoff_lng
2825,2022-01-03 10:00:00,2022-01-03 10:05:43,166,41,5.5,40.80957022827245,-73.96181526438258,40.80420482862898,-73.95206533089232
2960,2022-01-03 10:52:23,2022-01-03 10:56:12,193,145,5.0,40.76172443076398,-73.94028630330514,40.74658996790376,-73.9486991918172
2962,2022-01-03 10:57:51,2022-01-03 11:04:07,52,33,6.0,40.686604541764765,-73.99692247138711,40.69623832706301,-73.99532879720404
2963,2022-01-03 10:09:54,2022-01-03 10:25:05,42,75,12.0,40.82104621409778,-73.93951646931666,40.790650159764766,-73.94495666768462
2964,2022-01-03 10:10:34,2022-01-03 10:22:02,223,263,16.5,40.778193328200736,-73.90667183004702,40.77849586877702,-73.95120799165441
2965,2022-01-03 10:38:43,2022-01-03 10:44:13,75,236,6.0,40.790650159764766,-73.94495666768462,40.78049147573493,-73.95697238530639
2966,2022-01-03 11:00:13,2022-01-03 11:04:29,52,40,5.0,40.686604541764765,-73.99692247138711,40.67850422309208,-73.99581808190938
2967,2022-01-03 10:54:09,2022-01-03 11:11:12,145,260,20.0,40.74658996790376,-73.9486991918172,40.74679779446937,-73.90371327894323
2968,2022-01-03 10:33:44,2022-01-03 11:00:58,65,227,19.5,40.69537260932962,-73.9855710635353,40.64159763701695,-74.0067945517929
2969,2022-01-03 10:14:30,2022-01-03 10:21:21,197,134,7.0,40.69300047422202,-73.8290435569064,40.70875017980766,-73.82999270305172
2971,2022-01-03 10:51:04,2022-01-03 11:03:46,42,167,10.5,40.82104621409778,-73.93951646931666,40.82798803567513,-73.90444259410572
2972,2022-01-03 10:27:15,2022-01-03 10:41:45,7,82,13.0,40.76108472915124,-73.92149056694653,40.73846392036753,-73.87234400959339
2973,2022-01-03 10:32:40,2022-01-03 10:44:17,74,151,9.5,40.80556556547766,-73.9383104968462,40.7978662680042,-73.96780839097322
2974,2022-01-03 10:55:45,2022-01-03 11:09:06,41,42,9.5,40.80420482862898,-73.95206533089232,40.82104621409778,-73.93951646931666
2975,2022-01-03 10:40:57,2022-01-03 10:47:38,74,74,6.5,40.80556556547766,-73.9383104968462,40.80556556547766,-73.9383104968462
2976,2022-01-03 10:52:45,2022-01-03 11:00:21,74,42,7.0,40.80556556547766,-73.9383104968462,40.82104621409778,-73.93951646931666
2977,2022-01-03 10:53:48,2022-01-03 11:16:07,75,148,25.5,40.790650159764766,-73.94495666768462,40.719211674204594,-73.99071836266182
2978,2022-01-03 10:57:06,2022-01-03 11:05:58,74,43,7.5,40.80556556547766,-73.9383104968462,40.782459738636334,-73.96557217995945
2979,2022-01-03 10:57:13,2022-01-03 11:04:15,75,74,6.5,40.790650159764766,-73.94495666768462,40.80556556547766,-73.9383104968462
2980,2022-01-03 10:47:06,2022-01-03 11:07:04,41,262,14.5,40.80420482862898,-73.95206533089232,40.77653422899526,-73.94582981800791
2981,2022-01-03 10:40:49,2022-01-03 10:53:11,166,42,9.5,40.80957022827245,-73.96181526438258,40.82104621409778,-73.93951646931666
2982,2022-01-03 10:24:17,2022-01-03 10:38:23,116,142,18.0,40.827535259806176,-73.94736754322265,40.77390598538879,-73.98135241373991
2983,2022-01-03 10:29:29,2022-01-03 10:33:12,152,41,5.0,40.81757720019101,-73.95432487462715,40.80420482862898,-73.95206533089232
2986,2022-01-03 10:59:42,2022-01-03 11:05:11,166,151,5.5,40.80957022827245,-73.96181526438258,40.7978662680042,-73.96780839097322
2987,2022-01-03 10:18:19,2022-01-03 10:22:07,166,151,5.0,40.80957022827245,-73.96181526438258,40.7978662680042,-73.96780839097322
2988,2022-01-03 10:32:14,2022-01-03 10:49:18,41,48,16.0,40.80420482862898,-73.95206533089232,40.76223675561455,-73.98985665083148
2990,2022-01-03 10:52:37,2022-01-03 11:04:00,74,24,9.5,40.80556556547766,-73.9383104968462,40.80203277299444,-73.96556852909367
2991,2022-01-03 10:38:58,2022-01-03 10:52:53,65,181,11.0,40.69537260932962,-73.9855710635353,40.67201914054624,-73.97904489684504
2992,2022-01-03 11:00:52,2022-01-03 11:07:37,181,181,6.5,40.67201914054624,-73.97904489684504,40.67201914054624,-73.97904489684504
2993,2022-01-03 11:05:30,2022-01-03 11:12:21,25,33,6.0,40.68561458946419,-73.98645898767127,40.69623832706301,-73.99532879720404
2998,2022-01-03 10:51:08,2022-01-03 10:59:55,264,264,7.5,,,,
2999,2022-01-03 10:13:54,2022-01-03 10:30:40,121,216,15.5,40.72734719485207,-73.79968830757159,40.677071232562525,-73.82051327052861
3000,2022-01-03 10:29:00,2022-01-03 10:56:47,41,211,29.0,40.80420482862898,-73.95206533089232,40.72389907147031,-74.00137472995819
3002,2022-01-03 10:06:44,2022-01-03 10:22:09,166,42,12.0,40.80957022827245,-73.96181526438258,40.82104621409778,-73.93951646931666
3003,2022-01-03 10:03:29,2022-01-03 10:05:56,74,74,4.0,40.80556556547766,-73.9383104968462,40.80556556547766,-73.9383104968462
3004,2022-01-03 10:10:03,2022-01-03 10:12:42,41,42,4.5,40.80420482862898,-73.95206533089232,40.82104621409778,-73.93951646931666
3005,2022-01-03 10:41:35,2022-01-03 10:46:10,41,74,5.5,40.80420482862898,-73.95206533089232,40.80556556547766,-73.9383104968462
3007,2022-01-03 10:15:52,2022-01-03 10:20:00,7,7,4.5,40.76108472915124,-73.92149056694653,40.76108472915124,-73.92149056694653
3010,2022-01-03 10:32:49,2022-01-03 10:49:31,74,238,13.0,40.80556556547766,-73.9383104968462,40.79176624678264,-73.97281451745027
3011,2022-01-03 10:06:17,2022-01-03 10:16:02,41,116,8.5,40.80420482862898,-73.95206533089232,40.827535259806176,-73.94736754322265
3012,2022-01-03 10:48:37,2022-01-03 11:02:51,41,142,12.0,40.80420482862898,-73.95206533089232,40.77390598538879,-73.98135241373991
3013,2022-01-03 10:34:40,2022-01-03 10:58:38,74,143,19.0,40.80556556547766,-73.9383104968462,40.775770209571455,-73.98797296641823
3014,2022-01-03 10:34:50,2022-01-03 10:48:59,134,216,11.0,40.70875017980766,-73.82999270305172,40.677071232562525,-73.82051327052861
3015,2022-01-03 10:12:57,2022-01-03 10:20:55,41,74,7.0,40.80420482862898,-73.95206533089232,40.80556556547766,-73.9383104968462
3016,2022-01-03 10:25:28,2022-01-03 10:29:43,74,41,5.0,40.80556556547766,-73.9383104968462,40.80420482862898,-73.95206533089232
3017,2022-01-03 10:38:20,2022-01-03 10:44:48,74,42,6.5,40.80556556547766,-73.9383104968462,40.82104621409778,-73.93951646931666
3018,2022-01-03 10:56:06,2022-01-03 11:05:25,41,236,8.0,40.80420482862898,-73.95206533089232,40.78049147573493,-73.95697238530639
3020,2022-01-03 10:12:00,2022-01-03 10:20:50,75,74,8.5,40.790650159764766,-73.94495666768462,40.80556556547766,-73.9383104968462
3021,2022-01-03 10:51:41,2022-01-03 10:59:05,74,42,6.5,40.80556556547766,-73.9383104968462,40.82104621409778,-73.93951646931666
3022,2022-01-03 10:53:00,2022-01-03 11:01:44,41,75,9.5,40.80420482862898,-73.95206533089232,40.790650159764766,-73.94495666768462
3023,2022-01-03 10:16:18,2022-01-03 10:24:29,55,21,8.5,40.57689961985431,-73.99047413955634,40.60204898400991,-73.98130072597276
3025,2022-01-03 10:53:25,2022-01-03 11:20:36,181,26,19.5,40.67201914054624,-73.97904489684504,40.62861224058607,-73.98956040655276
3026,2022-01-03 10:58:45,2022-01-03 11:03:45,83,83,5.0,40.74014560317754,-73.88922182947495,40.74014560317754,-73.88922182947495
3028,2022-01-03 10:13:19,2022-01-03 10:15:31,75,75,4.0,40.790650159764766,-73.94495666768462,40.790650159764766,-73.94495666768462
3030,2022-01-03 10:50:48,2022-01-03 11:12:11,82,138,16.0,40.73846392036753,-73.87234400959339,40.77486738951802,-73.8728037146871
3031,2022-01-03 10:10:00,2022-01-03 10:24:22,7,237,13.0,40.76108472915124,-73.92149056694653,40.76854188466485,-73.96569149194592
3032,2022-01-03 10:00:28,2022-01-03 10:11:52,41,151,10.0,40.80420482862898,-73.95206533089232,40.7978662680042,-73.96780839097322
3033,2022-01-03 10:33:01,2022-01-03 10:45:47,74,263,10.5,40.80556556547766,-73.9383104968462,40.77849586877702,-73.95120799165441
3034,2022-01-03 10:33:46,2022-01-03 10:38:55,43,263,5.0,40.782459738636334,-73.96557217995945,40.77849586877702,-73.95120799165441
3035,2022-01-03 10:55:55,2022-01-03 11:09:33,43,166,11.0,40.782459738636334,-73.96557217995945,40.80957022827245,-73.96181526438258
3036,2022-01-03 10:05:08,2022-01-03 10:18:17,41,163,12.5,40.80420482862898,-73.95206533089232,40.76442545340527,-73.97836698802045
3037,2022-01-03 10:36:47,2022-01-03 10:40:40,41,24,5.0,40.80420482862898,-73.95206533089232,40.80203277299444,-73.96556852909367
3038,2022-01-03 10:25:31,2022-01-03 10:31:40,43,151,6.5,40.782459738636334,-73.96557217995945,40.7978662680042,-73.96780839097322
3039,2022-01-03 10:36:27,2022-01-03 10:45:09,42,127,13.0,40.82104621409778,-73.93951646931666,40.86506268329175,-73.92032547185646
3040,2022-01-03 10:58:01,2022-01-03 11:13:41,244,48,23.0,40.84121866986656,-73.94166681405747,40.76223675561455,-73.98985665083148
3042,2022-01-03 10:13:02,2022-01-03 10:16:06,69,47,4.0,40.830607677614125,-73.91536622023362,40.84575494537198,-73.8969291492323
3043,2022-01-03 10:06:40,2022-01-03 10:13:30,74,74,6.5,40.80556556547766,-73.9383104968462,40.80556556547766,-73.9383104968462
3045,2022-01-03 10:40:12,2022-01-03 10:48:47,75,262,7.5,40.790650159764766,-73.94495666768462,40.77653422899526,-73.94582981800791
3046,2022-01-03 11:01:08,2022-01-03 11:05:01,75,41,5.5,40.790650159764766,-73.94495666768462,40.80420482862898,-73.95206533089232
3047,2022-01-03 10:14:53,2022-01-03 10:22:41,65,97,7.0,40.69537260932962,-73.9855710635353,40.690615655694266,-73.975576580035
3048,2022-01-03 11:09:38,2022-01-03 11:21:00,65,34,9.0,40.69537260932962,-73.9855710635353,40.70255903810309,-73.9676989686791
3049,2022-01-03 10:09:21,2022-01-03 10:13:29,52,33,4.5,40.686604541764765,-73.99692247138711,40.69623832706301,-73.99532879720404
3050,2022-01-03 10:44:14,2022-01-03 10:57:02,33,189,10.0,40.69623832706301,-73.99532879720404,40.677182486623884,-73.96826963212501
3051,2022-01-03 10:14:32,2022-01-03 10:56:51,129,82,0.0,40.75905747396381,-73.8874063794919,40.73846392036753,-73.87234400959339
3052,2022-01-03 10:37:26,2022-01-03 10:53:02,52,181,12.0,40.686604541764765,-73.99692247138711,40.67201914054624,-73.97904489684504
3053,2022-01-03 10:01:51,2022-01-03 10:11:16,42,151,8.5,40.82104621409778,-73.93951646931666,40.7978662680042,-73.96780839097322
3054,2022-01-03 10:21:55,2022-01-03 10:46:34,166,237,18.5,40.80957022827245,-73.96181526438258,40.76854188466485,-73.96569149194592
3055,2022-01-03 10:13:39,2022-01-03 10:20:29,236,237,8.0,40.78049147573493,-73.95697238530639,40.76854188466485,-73.96569149194592
3056,2022-01-03 10:19:25,2022-01-03 10:26:53,65,49,6.5,40.69537260932962,-73.9855710635353,40.68851587525063,-73.96493373164775
3057,2022-01-03 10:08:04,2022-01-03 10:15:28,263,41,7.5,40.77849586877702,-73.95120799165441,40.80420482862898,-73.95206533089232
3058,2022-01-03 10:15:11,2022-01-03 10:25:51,65,49,9.0,40.69537260932962,-73.9855710635353,40.68851587525063,-73.96493373164775
3059,2022-01-03 10:54:06,2022-01-03 11:03:12,65,195,8.5,40.69537260932962,-73.9855710635353,40.67546168386208,-74.00954931328396
3060,2022-01-03 10:13:52,2022-01-03 10:24:01,52,106,8.5,40.686604541764765,-73.99692247138711,40.67336116761727,-73.99176357560636
3061,2022-01-03 10:32:07,2022-01-03 10:40:06,40,33,7.0,40.67850422309208,-73.99581808190938,40.69623832706301,-73.99532879720404
3062,2022-01-03 10:31:14,2022-01-03 10:36:31,74,41,5.0,40.80556556547766,-73.9383104968462,40.80420482862898,-73.95206533089232
3063,2022-01-03 10:17:34,2022-01-03 10:25:38,43,236,7.5,40.782459738636334,-73.96557217995945,40.78049147573493,-73.95697238530639
3064,2022-01-03 10:31:29,2022-01-03 10:46:30,74,247,12.0,40.80556556547766,-73.9383104968462,40.8292114745074,-73.92505918269573
3065,2022-01-03 11:05:05,2022-01-03 11:10:01,74,75,5.5,40.80556556547766,-73.9383104968462,40.790650159764766,-73.94495666768462
3067,2022-01-03 10:20:02,2022-01-03 10:25:18,74,41,5.5,40.80556556547766,-73.9383104968462,40.80420482862898,-73.95206533089232
3068,2022-01-03 10:25:32,2022-01-03 10:34:16,166,239,9.0,40.80957022827245,-73.96181526438258,40.784107364553954,-73.97827334184862
3070,2022-01-03 10:28:31,2022-01-03 10:44:42,42,248,18.0,40.82104621409778,-73.93951646931666,40.83467719993098,-73.8710104534108
3071,2022-01-03 10:31:00,2022-01-03 10:59:39,75,68,26.5,40.790650159764766,-73.94495666768462,40.74839722483199,-73.99994015650746
3072,2022-01-03 10:47:36,2022-01-03 11:02:09,95,173,15.5,40.72346527235991,-73.84821993627048,40.75177924392136,-73.86308370078238
3073,2022-01-03 10:50:32,2022-01-03 11:11:20,166,237,15.5,40.80957022827245,-73.96181526438258,40.76854188466485,-73.96569149194592
3074,2022-01-03 10:55:44,2022-01-03 11:07:15,97,17,9.5,40.690615655694266,-73.975576580035,40.69199409627496,-73.94918130103822
3076,2022-01-03 10:31:01,2022-01-03 10:37:24,74,43,7.0,40.80556556547766,-73.9383104968462,40.782459738636334,-73.96557217995945
3077,2022-01-03 10:38:41,2022-01-03 10:48:54,43,236,8.5,40.782459738636334,-73.96557217995945,40.78049147573493,-73.95697238530639
3078,2022-01-03 10:07:26,2022-01-03 10:19:48,74,166,9.0,40.80556556547766,-73.9383104968462,40.80957022827245,-73.96181526438258
3079,2022-01-03 10:10:47,2022-01-03 10:29:31,41,170,20.5,40.80420482862898,-73.95206533089232,40.74765428110328,-73.97694199243557
3080,2022-01-03 10:46:30,2022-01-03 10:56:16,75,238,8.5,40.790650159764766,-73.94495666768462,40.79176624678264,-73.97281451745027
3082,2022-01-03 10:28:35,2022-01-03 10:34:34,55,55,6.0,40.57689961985431,-73.99047413955634,40.57689961985431,-73.99047413955634
3083,2022-01-03 10:23:02,2022-01-03 10:31:02,42,152,7.0,40.82104621409778,-73.93951646931666,40.81757720019101,-73.95432487462715
3084,2022-01-03 10:48:21,2022-01-03 11:03:20,74,244,12.0,40.80556556547766,-73.9383104968462,40.84121866986656,-73.94166681405747
3085,2022-01-03 10:30:36,2022-01-03 10:46:36,74,244,12.5,40.80556556547766,-73.9383104968462,40.84121866986656,-73.94166681405747
3086,2022-01-03 10:28:46,2022-01-03 10:49:10,33,234,17.0,40.69623832706301,-73.99532879720404,40.74031346458802,-73.99047761896912
3087,2022-01-03 10:57:10,2022-01-03 11:00:22,166,151,4.5,40.80957022827245,-73.96181526438258,40.7978662680042,-73.96780839097322
3089,2022-01-03 10:04:23,2022-01-03 10:19:45,179,237,15.0,40.77142534181576,-73.92681235822377,40.76854188466485,-73.96569149194592
3090,2022-01-03 10:31:00,2022-01-03 10:37:09,74,75,6.0,40.80556556547766,-73.9383104968462,40.790650159764766,-73.94495666768462
3091,2022-01-03 10:41:04,2022-01-03 10:50:04,116,42,8.0,40.827535259806176,-73.94736754322265,40.82104621409778,-73.93951646931666
3092,2022-01-03 10:22:26,2022-01-03 10:47:12,152,262,19.0,40.81757720019101,-73.95432487462715,40.77653422899526,-73.94582981800791
3093,2022-01-03 10:02:42,2022-01-03 10:12:55,41,152,9.0,40.80420482862898,-73.95206533089232,40.81757720019101,-73.95432487462715
3095,2022-01-03 10:20:53,2022-01-03 10:32:04,41,238,10.0,40.80420482862898,-73.95206533089232,40.79176624678264,-73.97281451745027
3096,2022-01-03 10:50:05,2022-01-03 10:53:18,43,43,4.5,40.782459738636334,-73.96557217995945,40.782459738636334,-73.96557217995945
3100,2022-01-03 10:06:02,2022-01-03 10:11:20,75,74,6.0,40.790650159764766,-73.94495666768462,40.80556556547766,-73.9383104968462
3101,2022-01-03 10:41:29,2022-01-03 10:55:19,74,236,11.0,40.80556556547766,-73.9383104968462,40.78049147573493,-73.95697238530639
3102,2022-01-03 10:33:25,2022-01-03 10:44:01,130,191,10.5,40.70327388330144,-73.80034752467984,40.714278303380894,-73.74112042074967
3103,2022-01-03 10:09:06,2022-01-03 10:21:15,244,238,13.0,40.84121866986656,-73.94166681405747,40.79176624678264,-73.97281451745027
3104,2022-01-03 10:31:54,2022-01-03 10:48:45,166,244,13.0,40.80957022827245,-73.96181526438258,40.84121866986656,-73.94166681405747
3106,2022-01-03 10:09:16,2022-01-03 10:27:05,75,68,20.5,40.790650159764766,-73.94495666768462,40.74839722483199,-73.99994015650746
3107,2022-01-03 10:23:22,2022-01-03 10:30:35,212,242,7.0,40.82827698563671,-73.8699019343016,40.84959658440109,-73.83987896147343
3108,2022-01-03 10:05:21,2022-01-03 10:11:01,75,74,6.5,40.790650159764766,-73.94495666768462,40.80556556547766,-73.9383104968462
3109,2022-01-03 10:44:25,2022-01-03 10:48:54,43,238,5.5,40.782459738636334,-73.96557217995945,40.79176624678264,-73.97281451745027
3110,2022-01-03 10:08:07,2022-01-03 10:31:02,166,162,22.5,40.80957022827245,-73.96181526438258,40.756816155312855,-73.97214548508123
3111,2022-01-03 11:19:45,2022-01-03 11:40:20,33,227,20.0,40.69623832706301,-73.99532879720404,40.64159763701695,-74.0067945517929
3112,2022-01-03 11:10:32,2022-01-03 11:15:04,43,237,6.0,40.782459738636334,-73.96557217995945,40.76854188466485,-73.96569149194592
3114,2022-01-03 10:59:50,2022-01-03 11:01:09,75,74,3.5,40.790650159764766,-73.94495666768462,40.80556556547766,-73.9383104968462
3115,2022-01-03 11:05:15,2022-01-03 11:13:23,74,168,8.0,40.80556556547766,-73.9383104968462,40.80743953086456,-73.91705803171513
3118,2022-01-03 11:11:16,2022-01-03 11:14:31,152,116,4.5,40.81757720019101,-73.95432487462715,40.827535259806176,-73.94736754322265
3119,2022-01-03 11:20:04,2022-01-03 11:37:24,25,17,13.0,40.68561458946419,-73.98645898767127,40.69199409627496,-73.94918130103822
3120,2022-01-03 11:12:14,2022-01-03 11:18:45,41,166,6.5,40.80420482862898,-73.95206533089232,40.80957022827245,-73.96181526438258
3121,2022-01-03 10:53:43,2022-01-03 11:05:37,260,179,12.0,40.74679779446937,-73.90371327894323,40.77142534181576,-73.92681235822377
3122,2022-01-03 11:46:45,2022-01-03 12:00:56,244,48,21.0,40.84121866986656,-73.94166681405747,40.76223675561455,-73.98985665083148
3123,2022-01-03 11:58:42,2022-01-03 12:05:16,74,42,6.5,40.80556556547766,-73.9383104968462,40.82104621409778,-73.93951646931666
3124,2022-01-03 11:08:02,2022-01-03 11:15:54,43,151,7.5,40.782459738636334,-73.96557217995945,40.7978662680042,-73.96780839097322
3125,2022-01-03 11:13:58,2022-01-03 11:25:02,75,262,9.5,40.790650159764766,-73.94495666768462,40.77653422899526,-73.94582981800791
3126,2022-01-03 11:28:06,2022-01-03 11:38:00,74,41,8.0,40.80556556547766,-73.9383104968462,40.80420482862898,-73.95206533089232
3127,2022-01-03 11:41:13,2022-01-03 11:59:32,42,138,24.5,40.82104621409778,-73.93951646931666,40.77486738951802,-73.8728037146871
3128,2022-01-03 11:36:17,2022-01-03 11:46:37,166,142,9.5,40.80957022827245,-73.96181526438258,40.77390598538879,-73.98135241373991
3129,2022-01-03 11:35:13,2022-01-03 11:40:02,75,74,6.0,40.790650159764766,-73.94495666768462,40.80556556547766,-73.9383104968462
3130,2022-01-03 11:51:17,2022-01-03 12:18:29,42,68,26.5,40.82104621409778,-73.93951646931666,40.74839722483199,-73.99994015650746
3131,2022-01-03 11:25:42,2022-01-03 11:37:49,74,263,10.0,40.80556556547766,-73.9383104968462,40.77849586877702,-73.95120799165441
3132,2022-01-03 11:56:56,2022-01-03 12:00:29,75,262,4.5,40.790650159764766,-73.94495666768462,40.77653422899526,-73.94582981800791
3133,2022-01-03 11:41:33,2022-01-03 12:21:58,95,216,36.0,40.72346527235991,-73.84821993627048,40.677071232562525,-73.82051327052861
3135,2022-01-03 11:47:55,2022-01-03 11:53:16,75,41,6.0,40.790650159764766,-73.94495666768462,40.80420482862898,-73.95206533089232
3136,2022-01-03 11:26:00,2022-01-03 11:34:56,74,42,8.0,40.80556556547766,-73.9383104968462,40.82104621409778,-73.93951646931666
3137,2022-01-03 11:06:47,2022-01-03 11:21:52,264,264,14.5,,,,
3138,2022-01-03 11:52:30,2022-01-03 11:57:07,42,42,5.5,40.82104621409778,-73.93951646931666,40.82104621409778,-73.93951646931666
3139,2022-01-03 11:01:45,2022-01-03 11:06:06,116,116,5.0,40.827535259806176,-73.94736754322265,40.827535259806176,-73.94736754322265
3141,2022-01-03 11:25:14,2022-01-03 11:33:44,42,43,8.5,40.82104621409778,-73.93951646931666,40.782459738636334,-73.96557217995945
3142,2022-01-03 11:07:10,2022-01-03 11:25:25,65,82,45.0,40.69537260932962,-73.9855710635353,40.73846392036753,-73.87234400959339
3146,2022-01-03 11:28:21,2022-01-03 11:42:47,74,238,12.0,40.80556556547766,-73.9383104968462,40.79176624678264,-73.97281451745027
3147,2022-01-03 11:58:02,2022-01-03 12:16:06,75,142,13.5,40.790650159764766,-73.94495666768462,40.77390598538879,-73.98135241373991
3150,2022-01-03 11:31:28,2022-01-03 11:42:56,75,74,9.0,40.790650159764766,-73.94495666768462,40.80556556547766,-73.9383104968462
3151,2022-01-03 11:20:08,2022-01-03 11:29:28,75,74,8.0,40.790650159764766,-73.94495666768462,40.80556556547766,-73.9383104968462
3152,2022-01-03 11:26:24,2022-01-03 11:34:01,42,74,7.5,40.82104621409778,-73.93951646931666,40.80556556547766,-73.9383104968462
3153,2022-01-03 11:37:20,2022-01-03 11:59:16,75,68,22.5,40.790650159764766,-73.94495666768462,40.74839722483199,-73.99994015650746
3154,2022-01-03 11:54:56,2022-01-03 12:17:21,75,193,20.5,40.790650159764766,-73.94495666768462,40.76172443076398,-73.94028630330514
3155,2022-01-03 11:44:00,2022-01-03 11:56:09,33,211,11.0,40.69623832706301,-73.99532879720404,40.72389907147031,-74.00137472995819
3156,2022-01-03 11:23:46,2022-01-03 11:34:04,74,236,8.5,40.80556556547766,-73.9383104968462,40.78049147573493,-73.95697238530639
3157,2022-01-03 11:21:52,2022-01-03 11:28:10,75,238,6.5,40.790650159764766,-73.94495666768462,40.79176624678264,-73.97281451745027
3158,2022-01-03 11:39:23,2022-01-03 11:42:41,166,166,4.5,40.80957022827245,-73.96181526438258,40.80957022827245,-73.96181526438258
3159,2022-01-03 11:49:57,2022-01-03 11:56:04,41,41,6.0,40.80420482862898,-73.95206533089232,40.80420482862898,-73.95206533089232
3160,2022-01-03 11:54:03,2022-01-03 12:07:22,192,132,38.0,40.74441099850022,-73.81519253564926,40.642604521718,-73.77826365890199
3161,2022-01-03 11:11:15,2022-01-03 11:29:17,244,142,20.5,40.84121866986656,-73.94166681405747,40.77390598538879,-73.98135241373991
3162,2022-01-03 11:48:46,2022-01-03 11:53:41,43,238,6.0,40.782459738636334,-73.96557217995945,40.79176624678264,-73.97281451745027
3165,2022-01-03 11:41:37,2022-01-03 11:49:09,95,95,7.0,40.72346527235991,-73.84821993627048,40.72346527235991,-73.84821993627048
3166,2022-01-03 11:38:43,2022-01-03 11:44:08,260,82,5.5,40.74679779446937,-73.90371327894323,40.73846392036753,-73.87234400959339
3168,2022-01-03 11:03:24,2022-01-03 11:10:56,74,42,7.5,40.80556556547766,-73.9383104968462,40.82104621409778,-73.93951646931666
3169,2022-01-03 11:52:21,2022-01-03 12:19:50,97,202,26.0,40.690615655694266,-73.975576580035,40.76116791390792,-73.95041048797766
3170,2022-01-03 11:01:31,2022-01-03 11:05:28,7,193,5.5,40.76108472915124,-73.92149056694653,40.76172443076398,-73.94028630330514
3171,2022-01-03 11:36:55,2022-01-03 11:48:32,75,237,9.5,40.790650159764766,-73.94495666768462,40.76854188466485,-73.96569149194592
3172,2022-01-03 11:50:12,2022-01-03 12:10:27,74,164,22.0,40.80556556547766,-73.9383104968462,40.74880766681464,-73.9859288064872
3173,2022-01-03 11:20:08,2022-01-03 11:28:32,74,75,8.0,40.80556556547766,-73.9383104968462,40.790650159764766,-73.94495666768462
3174,2022-01-03 11:14:04,2022-01-03 11:17:31,166,151,4.5,40.80957022827245,-73.96181526438258,40.7978662680042,-73.96780839097322
3175,2022-01-03 11:44:43,2022-01-03 11:58:44,75,163,11.0,40.790650159764766,-73.94495666768462,40.76442545340527,-73.97836698802045
3177,2022-01-03 11:30:38,2022-01-03 11:40:05,82,129,7.5,40.73846392036753,-73.87234400959339,40.75905747396381,-73.8874063794919
3178,2022-01-03 11:50:29,2022-01-03 11:55:59,7,223,6.0,40.76108472915124,-73.92149056694653,40.778193328200736,-73.90667183004702
3179,2022-01-03 11:16:40,2022-01-03 11:24:47,33,195,7.5,40.69623832706301,-73.99532879720404,40.67546168386208,-74.00954931328396
3180,2022-01-03 11:07:06,2022-01-03 11:12:51,41,166,5.5,40.80420482862898,-73.95206533089232,40.80957022827245,-73.96181526438258
3181,2022-01-03 11:25:26,2022-01-03 11:29:57,152,152,5.0,40.81757720019101,-73.95432487462715,40.81757720019101,-73.95432487462715
3182,2022-01-03 11:32:20,2022-01-03 11:53:59,152,69,16.5,40.81757720019101,-73.95432487462715,40.830607677614125,-73.91536622023362
3183,2022-01-03 11:40:13,2022-01-03 11:48:49,244,74,13.5,40.84121866986656,-73.94166681405747,40.80556556547766,-73.9383104968462
3185,2022-01-03 11:11:42,2022-01-03 11:22:26,33,25,8.0,40.69623832706301,-73.99532879720404,40.68561458946419,-73.98645898767127
3186,2022-01-03 11:31:09,2022-01-03 11:49:03,7,237,15.0,40.76108472915124,-73.92149056694653,40.76854188466485,-73.96569149194592
3188,2022-01-03 11:24:42,2022-01-03 11:32:26,43,237,7.0,40.782459738636334,-73.96557217995945,40.76854188466485,-73.96569149194592
3189,2022-01-03 11:44:25,2022-01-03 11:54:38,75,168,10.5,40.790650159764766,-73.94495666768462,40.80743953086456,-73.91705803171513
3190,2022-01-03 11:12:19,2022-01-03 11:18:05,41,74,6.0,40.80420482862898,-73.95206533089232,40.80556556547766,-73.9383104968462
3191,2022-01-03 11:26:56,2022-01-03 11:31:39,75,236,5.0,40.790650159764766,-73.94495666768462,40.78049147573493,-73.95697238530639
3192,2022-01-03 11:40:47,2022-01-03 11:49:39,75,41,8.0,40.790650159764766,-73.94495666768462,40.80420482862898,-73.95206533089232
3193,2022-01-03 11:32:36,2022-01-03 12:05:36,76,71,23.5,40.658686304466364,-73.87841736699428,40.64392851928066,-73.93773452015775
3194,2022-01-03 11:38:42,2022-01-03 11:47:29,43,239,8.5,40.782459738636334,-73.96557217995945,40.784107364553954,-73.97827334184862
3195,2022-01-03 11:38:25,2022-01-03 12:05:57,255,89,27.5,40.718834192234766,-73.95713377568889,40.64098273381023,-73.9626937337469
3197,2022-01-03 11:23:03,2022-01-03 11:44:30,97,225,16.0,40.690615655694266,-73.975576580035,40.68878506720026,-73.93144485223571
3198,2022-01-03 11:40:42,2022-01-03 12:07:21,52,72,20.0,40.686604541764765,-73.99692247138711,40.65246063118758,-73.92021005488328
3199,2022-01-03 11:48:34,2022-01-03 12:05:33,82,102,14.0,40.73846392036753,-73.87234400959339,40.70267935991453,-73.88199872967007
3200,2022-01-03 11:02:45,2022-01-03 11:11:46,75,236,7.5,40.790650159764766,-73.94495666768462,40.78049147573493,-73.95697238530639
3201,2022-01-03 11:11:01,2022-01-03 11:15:29,181,181,5.0,40.67201914054624,-73.97904489684504,40.67201914054624,-73.97904489684504
3203,2022-01-03 11:10:50,2022-01-03 11:19:14,97,189,7.5,40.690615655694266,-73.975576580035,40.677182486623884,-73.96826963212501
3204,2022-01-03 11:10:17,2022-01-03 11:17:47,181,257,8.0,40.67201914054624,-73.97904489684504,40.65366449521204,-73.97723931118517
3206,2022-01-03 11:23:32,2022-01-03 11:33:51,65,49,8.0,40.69537260932962,-73.9855710635353,40.68851587525063,-73.96493373164775
3208,2022-01-03 11:21:09,2022-01-03 11:33:59,74,151,11.0,40.80556556547766,-73.9383104968462,40.7978662680042,-73.96780839097322
3209,2022-01-03 11:01:27,2022-01-03 11:25:00,41,164,23.0,40.80420482862898,-73.95206533089232,40.74880766681464,-73.9859288064872
3211,2022-01-03 11:52:57,2022-01-03 12:09:03,75,143,13.5,40.790650159764766,-73.94495666768462,40.775770209571455,-73.98797296641823
3212,2022-01-03 11:17:31,2022-01-03 11:23:39,260,226,6.0,40.74679779446937,-73.90371327894323,40.73527341028105,-73.92932128275633
3213,2022-01-03 11:14:09,2022-01-03 11:44:38,97,48,25.5,40.690615655694266,-73.975576580035,40.76223675561455,-73.98985665083148
3214,2022-01-03 11:12:09,2022-01-03 11:16:41,41,24,5.0,40.80420482862898,-73.95206533089232,40.80203277299444,-73.96556852909367
3215,2022-01-03 11:42:06,2022-01-03 12:06:46,75,75,20.0,40.790650159764766,-73.94495666768462,40.790650159764766,-73.94495666768462
3216,2022-01-03 11:02:27,2022-01-03 11:14:32,33,137,17.0,40.69623832706301,-73.99532879720404,40.74035923571167,-73.97711937073566
3217,2022-01-03 11:50:00,2022-01-03 12:06:54,33,114,13.5,40.69623832706301,-73.99532879720404,40.72861173159057,-73.99867794660477
3218,2022-01-03 11:33:26,2022-01-03 11:40:27,75,236,6.0,40.790650159764766,-73.94495666768462,40.78049147573493,-73.95697238530639
3219,2022-01-03 11:49:01,2022-01-03 11:55:03,74,41,6.0,40.80556556547766,-73.9383104968462,40.80420482862898,-73.95206533089232
3220,2022-01-03 11:19:02,2022-01-03 11:44:47,75,107,20.0,40.790650159764766,-73.94495666768462,40.737348376321,-73.98331035324628
3221,2022-01-03 11:49:46,2022-01-03 12:08:28,75,69,16.0,40.790650159764766,-73.94495666768462,40.830607677614125,-73.91536622023362
3222,2022-01-03 11:54:27,2022-01-03 12:03:57,74,24,9.0,40.80556556547766,-73.9383104968462,40.80203277299444,-73.96556852909367
3223,2022-01-03 11:09:11,2022-01-03 11:22:19,74,116,10.5,40.80556556547766,-73.9383104968462,40.827535259806176,-73.94736754322265
3224,2022-01-03 11:34:51,2022-01-03 11:51:09,41,250,20.0,40.80420482862898,-73.95206533089232,40.832490688629655,-73.84947867538979
3225,2022-01-03 11:22:16,2022-01-03 11:37:26,192,132,25.0,40.74441099850022,-73.81519253564926,40.642604521718,-73.77826365890199
3226,2022-01-03 11:56:35,2022-01-03 12:14:04,82,8,17.5,40.73846392036753,-73.87234400959339,40.77860696177062,-73.92320240928365
3227,2022-01-03 11:32:23,2022-01-03 11:39:49,74,166,6.5,40.80556556547766,-73.9383104968462,40.80957022827245,-73.96181526438258
3229,2022-01-03 11:03:53,2022-01-03 11:12:08,74,42,7.5,40.80556556547766,-73.9383104968462,40.82104621409778,-73.93951646931666
3230,2022-01-03 11:27:53,2022-01-03 11:45:02,116,43,16.0,40.827535259806176,-73.94736754322265,40.782459738636334,-73.96557217995945
3231,2022-01-03 11:52:44,2022-01-03 12:06:10,74,166,11.0,40.80556556547766,-73.9383104968462,40.80957022827245,-73.96181526438258
3232,2022-01-03 11:25:49,2022-01-03 11:37:44,75,74,9.5,40.790650159764766,-73.94495666768462,40.80556556547766,-73.9383104968462
3233,2022-01-03 11:09:56,2022-01-03 11:17:20,74,75,7.5,40.80556556547766,-73.9383104968462,40.790650159764766,-73.94495666768462
3234,2022-01-03 10:58:41,2022-01-03 11:02:41,41,41,5.0,40.80420482862898,-73.95206533089232,40.80420482862898,-73.95206533089232
3236,2022-01-03 11:23:06,2022-01-03 11:26:57,75,74,5.5,40.790650159764766,-73.94495666768462,40.80556556547766,-73.9383104968462
3237,2022-01-03 11:29:11,2022-01-03 11:47:12,74,236,12.5,40.80556556547766,-73.9383104968462,40.78049147573493,-73.95697238530639
3238,2022-01-03 11:24:06,2022-01-03 11:39:03,226,263,14.0,40.73527341028105,-73.92932128275633,40.77849586877702,-73.95120799165441
3239,2022-01-03 11:56:50,2022-01-03 12:01:18,75,74,6.0,40.790650159764766,-73.94495666768462,40.80556556547766,-73.9383104968462
3240,2022-01-03 11:34:14,2022-01-03 11:40:40,244,243,7.0,40.84121866986656,-73.94166681405747,40.85867028663149,-73.93282431823563
3241,2022-01-03 11:02:12,2022-01-03 11:06:40,166,152,5.0,40.80957022827245,-73.96181526438258,40.81757720019101,-73.95432487462715
3242,2022-01-03 11:46:58,2022-01-03 12:05:28,75,246,20.0,40.790650159764766,-73.94495666768462,40.7524372519649,-74.00451257207506
3243,2022-01-03 11:40:55,2022-01-03 11:45:25,74,74,5.0,40.80556556547766,-73.9383104968462,40.80556556547766,-73.9383104968462
3244,2022-01-03 11:41:59,2022-01-03 11:54:31,95,135,10.5,40.72346527235991,-73.84821993627048,40.72940996436194,-73.82398551387588
3245,2022-01-03 11:45:36,2022-01-03 12:00:40,74,169,16.0,40.80556556547766,-73.9383104968462,40.84911482191491,-73.90502146000487
3246,2022-01-03 11:57:44,2022-01-03 12:21:48,244,60,21.5,40.84121866986656,-73.94166681405747,40.831294118788485,-73.88978220265533
3247,2022-01-03 11:16:18,2022-01-03 11:27:04,95,196,9.0,40.72346527235991,-73.84821993627048,40.72364785898906,-73.86401021203442
3248,2022-01-03 11:17:16,2022-01-03 11:54:21,95,237,33.0,40.72346527235991,-73.84821993627048,40.76854188466485,-73.96569149194592
3249,2022-01-03 11:37:20,2022-01-03 12:04:50,95,170,30.0,40.72346527235991,-73.84821993627048,40.74765428110328,-73.97694199243557
3250,2022-01-03 11:20:31,2022-01-03 11:33:55,166,75,10.5,40.80957022827245,-73.96181526438258,40.790650159764766,-73.94495666768462
3251,2022-01-03 11:55:05,2022-01-03 12:07:33,43,24,10.5,40.782459738636334,-73.96557217995945,40.80203277299444,-73.96556852909367
3254,2022-01-03 11:06:16,2022-01-03 11:10:52,41,152,5.0,40.80420482862898,-73.95206533089232,40.81757720019101,-73.95432487462715
3255,2022-01-03 11:42:55,2022-01-03 11:55:34,41,75,9.5,40.80420482862898,-73.95206533089232,40.790650159764766,-73.94495666768462
3256,2022-01-03 11:38:10,2022-01-03 11:43:28,42,41,5.5,40.82104621409778,-73.93951646931666,40.80420482862898,-73.95206533089232
3257,2022-01-03 11:59:13,2022-01-03 12:11:03,74,236,9.5,40.80556556547766,-73.9383104968462,40.78049147573493,-73.95697238530639
3275,2022-01-03 11:58:25,2022-01-03 12:01:56,41,41,4.5,40.80420482862898,-73.95206533089232,40.80420482862898,-73.95206533089232
3300,2022-01-03 11:46:25,2022-01-03 11:54:56,75,263,6.5,40.790650159764766,-73.94495666768462,40.77849586877702,-73.95120799165441
3326,2022-01-03 11:56:25,2022-01-03 12:14:23,7,161,15.5,40.76108472915124,-73.92149056694653,40.75822648122193,-73.97743183810948
3362,2022-01-03 10:52:12,2022-01-03 10:58:36,74,43,6.5,40.80556556547766,-73.9383104968462,40.782459738636334,-73.96557217995945
3379,2022-01-03 11:59:18,2022-01-03 12:10:13,75,239,9.5,40.790650159764766,-73.94495666768462,40.784107364553954,-73.97827334184862
3492,2022-01-03 11:39:09,2022-01-03 11:50:40,74,151,10.0,40.80556556547766,-73.9383104968462,40.7978662680042,-73.96780839097322
56562,2022-01-03 10:37:00,2022-01-03 10:50:00,75,137,19.01,40.790650159764766,-73.94495666768462,40.74035923571167,-73.97711937073566
56563,2022-01-03 10:04:00,2022-01-03 10:19:00,166,48,18.98,40.80957022827245,-73.96181526438258,40.76223675561455,-73.98985665083148
56564,2022-01-03 10:07:00,2022-01-03 10:12:00,19,265,14.4,40.73647243913889,-73.72786939615672,,
56565,2022-01-03 10:04:00,2022-01-03 10:33:00,17,133,23.0,40.69199409627496,-73.94918130103822,40.63938720388805,-73.9743361977043
56566,2022-01-03 10:09:00,2022-01-03 10:36:00,95,141,32.53,40.72346527235991,-73.84821993627048,40.76683881658485,-73.95971267878048
56567,2022-01-03 10:53:52,2022-01-03 10:59:56,263,151,7.0,40.77849586877702,-73.95120799165441,40.7978662680042,-73.96780839097322
56568,2022-01-03 10:20:00,2022-01-03 10:29:00,166,151,13.2,40.80957022827245,-73.96181526438258,40.7978662680042,-73.96780839097322
56569,2022-01-03 10:59:00,2022-01-03 11:13:00,116,239,15.59,40.827535259806176,-73.94736754322265,40.784107364553954,-73.97827334184862
56570,2022-01-03 10:17:00,2022-01-03 10:29:00,243,220,14.41,40.85867028663149,-73.93282431823563,40.88190093857942,-73.91187726317284
56571,2022-01-03 11:13:00,2022-01-03 11:30:00,244,141,25.33,40.84121866986656,-73.94166681405747,40.76683881658485,-73.95971267878048
56572,2022-01-03 11:16:00,2022-01-03 11:29:00,75,142,13.78,40.790650159764766,-73.94495666768462,40.77390598538879,-73.98135241373991
56573,2022-01-03 11:05:00,2022-01-03 11:15:00,220,243,16.94,40.88190093857942,-73.91187726317284,40.85867028663149,-73.93282431823563
56575,2022-01-03 11:11:00,2022-01-03 11:19:00,166,42,13.2,40.80957022827245,-73.96181526438258,40.82104621409778,-73.93951646931666
56576,2022-01-03 11:38:00,2022-01-03 11:48:00,152,42,13.2,40.81757720019101,-73.95432487462715,40.82104621409778,-73.93951646931666
56577,2022-01-03 11:20:00,2022-01-03 11:32:00,42,43,13.2,40.82104621409778,-73.93951646931666,40.782459738636334,-73.96557217995945
